review,label
saya ingin tanya speda saya suzuki shogun 125 r pengapiandc. walau memajukan pengapian yang di potong di tonjolan magnet bagian mana belakang apakah depan, 1
saya kan punya beat fi 2018.yang ingin saya tanyakan waktu gas di putar seperti ada suara kemritik gitu.walau di dengerin sih dari sebelah kanan.tapi berulang kali saya bawa ke ahass jawabnya selalu sama walau motornya normal.bunyi itu berasal dari injector.dan memang seperti itu bunyinya?,1
apakah memang benar bunyi injectornya seperti itu? soalnya kedengeran kasar banget.motornya baru 8 bulan,1
honda spacy fi saya oli gardannya suka netes sendiri setelah saya cek ke bengkel ternyata crankcase kirinya retak. kira2 walau ganti berapa ya,1
saya punya motor kaisar Ruby.jika hidup di tempat bagus saja.tapi jika berjalan ada terasa tersendat seperti bensin ingin habis.padahal di tangki masih penuh.dan ada bunyi seperti orang bersin cish.dan di saat gas di tutup dan akan di tarik di awal itu lah seperti kosong dan setelah di tarik lagi dan kaget langsung melaju si Rubi,1
Misi om ingin nanya walau motor gua di gas setengah berebet itu masalah ia dari mana,1
tolong petunjuk bro motor beat injeksi 2013 gas ia kadang besar kadang kecil sendiri Dan juga nembak dari leher udara apakah masalahnya bro,1
Bagaimana cara mengurus motor walau nalpot berasap,1
tiap kali rem depan mendadak bunya jedag-jedug. begitupun ketika melibas lubang atau jalan yang kasar dengan kecepatan tinggi,0
tiap kali cornering ban belakang terasa goyang. semacam ngesot. terkadang dangdutan saat cornering,0
motor suka miring ke kanan,0
lampu sen suka gamaunya walau tidak di gas. tolong bantuannya. terimakasih min,0
misi min satria fu saya tidak ingin langsam ngidupin saja susah harus di kop. trs matian. pdahal klep uda di skur. apakah karbunya ya,1
ingin tanya walau motor tidak bisa di gas..kira2 apakah ia..walau di lucur hidup tapi tidak bisa di gas,1
maaf min walau motor metik di stater ia  bisa padahal aki ia baru,0
Punya saya walau dihidupkan aman aman saja begitu juga ingin jalan pasang gigi 1 dan 2.  aman aman juga. nah tapi walau pasang gigi 3 dan 4 di atas 40 km/h. kok kaya ada suara bunyi yang tidak enak di dengar pada mesin,1
ingin tanya Motor vario 150 lampu indikator kedap kedip 52X apakah kerusakan ia,1
Misi  . ingin tanya walau motor beat injeksi cbs saat di gas tarikan awal brebet dan knalpot nembak gitu apakah yah  penyebabnya,1
misi min ingin tanya motor vixion saya walau jalan pelan suara kasar dan tidak langsam. trs walau posisi kopling ditarik suara reda,1
apakah sebab ia oli mesin bisa naik dan membanjiri filter udara. pdhal tenaga motornya msh ok seperti biasa. busi masih normal & no asap,1
Min tolong maaf saya ingin tanya motor mio saya pada kecepatan ingin ke 40-60 selalu mati. walau kecepatan 20-30 berjalan normal(tidak mati) apakah ya min masalah ia,1
Motor saya kan Honda Supra x 125 . Nah... Knp ya motor saya tuh walau di bawa jauh atau mesin ia panas .. suka ada bunyi Tek..Tek..Tek. ia ,1
saya ingin tanya.walau velg dokar rossi bekas xeon 125.apakah bisa di pakai di vario,0
supra125 saya knp ya sdh masuk gigi 1 2 3 4 tp msh ngelos. alias netral ? yang rusak apakah ia ya ?,1
Soket sudah di kencangkan. saya ia kondisi dipakai ngisi max sekitar 14.2v tapi kok tidak tahan lama saat mesin dimatikan kontak tetap on lampu depan nyala tidak lama,0
motor ku mio gt 2014. saat distater tangan tidak hidup. saat rem(rem muka atau blkang) diramas tanpa tekan tombol stater motor hidup.begitu juga waktu jln. waktu rem diramas seperti lagi tekan tombol stater bunyinya,0
Bos ingin nanya motor saya honda revo fit injek waktu nyalain normal walau sudah satu putaran ada di gas ada bunyi tek tek itu apanya bos trim,1
Soket sudah saya kencangkan semua tapi masih tetap drop aki ia walaupun habis dipakai,0
Permisi Numpang tanya .. Motor Smash .. walau ingin Ganti Seher Gede .. Ganti Seher Thunder 125 .. yang Lain ia Standar JeboL tidak Tu  ? walau Seher Gede yang Lain Standar,1
harga as kruk beat fi kisaran harga berapa,1
bos ingin tanya walau motor satria fu saya susah hidup itu kendalanya apakah ya,1
bisa bantu. motor jika di hidupkan indikator di avometer menujukan ngisi begitu juga saat di bawa jalan naik menujukan ngisi namun saat mesin dimatikan posisi kontak tetap on tidak lama indikator aki langsung nyalah angka di avometer langsung drop padahal aki baru sebulan,0
Masalah dimananya ya apakah di spul,0
Bos ingin tanya beat esp 2018 saya kan masih 2 bulan.tapi wktu di gas kok brisik ya bunyi krikkk gitu?tapi bukan pada cvtnya.sperti dari mesinnya.tapi walau ketika gas tidak ditarik bunyi itu tidak ada?kira2 apanya ya bos??solusinya bagaimanapun?,1
saya punya honda matic vario 125 esp baru kehabis oli mesin karna penutup oli mesinnya terbuka setelah habis ganti oli .bgmn penanganannya bos,1
Maaf  saya ingin tanya soal motor honda beat FI,1
walau motor mati total kenapa ya,1
walau hbis ganti ring n klep .terus di hidupin hdup. tp di gas bsar atau fol kok tidak ingin ya.terus keluar api di karburator,1
motor mx new saya kn ngasep.saya bawa ke bengkel sudah di ganti ring. tpy ko suara  klmitik. walau di ganti piston ia bunyi ia bisa ilang atau tidak ya,1
Om saya mw tanya.. Kelep satria f.. Sim siman tu apakah ya.. walau mw di bikin standar lagi,1
Misi om numpang tanya .walau shock Depan satria fu wat motor semes bisa tidak bos.tolong jwabannya bos.brng kali ada yang tau solusinya,0
saya ingin tanya kemren saya ganti kampas ganda pada motor matic honda beat saya karena tenaga ia kurang,0
setelah saya ganti kampas dengan yang baru knpa tarikan awal masih melemah,1
Bos ingin tanya Motor saya jupiter Burhan tiba2 mati setelah saya coba otak atik ahirnya motor saya bisa hidup lg tapi gron koil tidak boleh di pasang jadi cuman 1 soket saja yang terpasang,1 
saya ingin tanya biasanya walau dealer tuh bisa tidak ya masang lampu hazard,0
motor saya vga R tapi olinya kok keluar dari selang yang ada di bawah mesin hingga olinya abis ya,1
tidak bisa nyala. distater tidak kuat. di kick starter juga sama . saya coba terus akhirnya nyala . baru saja 10 meter mati lagi dan akhirnya tidak bisa nyala lagi ,1 
tuan tuan pengen tanya  utk kerusakan new soul gt bunyi tek tek solusinya apakah ya pdhal sudah ganti block,1
saya motor saya supra x 125 .keluaran tahun 2006 ..ketika motor saya melewati jarak 7km.an knalpot motor saya keluar asap putih .dan suaranya pun kayak ada bunyi..tik tik tik ...tolong solusinya,1
motor n max abs baru satu bulan pakai cek punya cek saya lihat ada keretakan pada penutup v belt pada bagian ban belakang tdk mengeluarkan oli normal kah seperti itu semua motor n max,1 
"Motor saya matic xeon karbu tahun 2011 kemarin tiba"" mati tidak bisa di starter kata ia aki ia tekor jadi mesti ganti aki.. tapi selang sebulan setelah ganti aki motor kembali lagi tidak bisa di starter kira"" apakah ia ya yang bermasalah,0
motor saya kan beat karbu 130cc harian ko tiba tiba ada penyakit sayah motor saya sering timbul penyakit narik2 kaya yang karbu ia kurang udara masuk sudah saya cek pake karbu lain terus koil ia di coba di ganti cdi ia juga sudah di coba ganti tapi tetep saja penyakit narik narik ia engga hilang walau lagi jalan tidak ilang ilang,1
"Motor saya cb150r tiba"" mati terus lampu utama kedap kedip. Habis di off kontak nyalaian normal lagi setelah itu mati lagi lampu kedap kedip lagi dan di nyalakan mulai susah,0
Motor saya tu amun di kontak normal saja psayalnya tapi di koil tidak kluar api,1
saya ingin tanya..karbu saya bocor dari saluran pembuangan...saya sudah ganti pelampung dan ventilator...tapi tetep bocor...kira2 apakah ya?motor saya supra fit 2005 pakek karbu astrea grand,1
tadi kan motor saya sudah di cek semua dari fuel pump hingga ke komponen injektor ia tapi masih brebet apabila di gas pelan itu kenapa ya,1
motor saya honda beat fi.jln putarn rpm 40 kebawah brebet dan sendat2.klu gas di tarik tinggi jln lancar gaa pol tambah lancar .begitu direm rpm 40 kebawah brebet lgi.tlong bantuan ya,1
Motor saya supra tidak keluar listrik sama sekali akan tetapi bila spul koil cdi saya pindahkan ke motor supra yang lain motor bisa nyala,0
spul koil dan cdi sendiri listriknya tidak ada lagi,0
Bagaimana caranya mengatasi motor yang selalu mati apabila lampu wesernya dihidupkan,0
Motor saya yang cb150r injeksi habis saya bersihin tangki ia malah tidak ingin hidup cek pengapian normal lampu indikator/MIL juga tidak bermasalah minyak nyembur,1
"Knp ya motor cb150r saya tiba"" mogok dijalan terus indikator injektornya menyala kedipan lalu saya coba nyalakan tidak ingin nyala harus matikan kontak terus nyalakan kembali. Semua sudah di ganti tapi tetap ssaja,1
supra x saya ko walau agak lama tidak di hidupin.. sekali di hidupin jd mbrebet ya..?,1 
apakah ada pengaruh ia dengan saya kmaren ganti kampas kopling,1
gmana ya caranya memperbaiki jeglengan sepedah mio yang rusak/loss ya karena starternya juga tidak bisa jd ni tidak bisa nyala sepedahnya,0
permisi saya ingin tanya motor saya gl pro.kenapa tak ingin nyala padahal karbulator normal.percikan api busi ada.konfresi ada.tapi saat di selah/stater ringan,1
Motor saya blade injeksi mogok hilang api kira2 apaxa yabos trimalasih,1
selamat malam  saya ingin nanyak nich saya punya motor mio ketika saya lg manasin mesin motor kok rodanya laju terus n apakah penyebabnya ,1
saya kenapa ya motor saya walau ketika netral sering msuk gigi sendiri,1
motor n max saya ada keretakan pada blok luar v belt bagian luarnya pada ban belakang.normal kah seperti itu,1
untuk menyetel klep bagaimana caranya,1
saya pny motor supea 125. awalnya mogok.mendadak,1
setelah di selah hidup lg tapi tes sendat2 kaya krbu  bermasal / pngpian ia yng bermasalh,1
setelh di servis. di antara krbu pngpiain seherr ring juga sepul sidiae busi klep sudah tukar tuker onderdil lain yng tidak bermasalah artinya sehat tapi belum juga ketemu solusinya masih nyendat aslias mbrebet,1
untuk pemasangan kruk as sama pompa oil tidak ada setingan khusus kan. cuma pasang seperti semula ssaja?,0
motor beat injeksi bagian kipasnya jika terkena air (hujan) langsung mati knp ya,1
Motor zeon saya lampu gambar injeksiny nyala terus. Dan tidak bs lamsam sering mati2 mlulu kl berhenti. Itu kenapa ya ,0
ingin tanya motor Vario saya dispedo meter.digambar F menyala merah knpa ya,1
walau mio j tidak ada api total.injeksi control tidak nyala.apakah  ya,1
saya punya suzuki thander 125...mesinnya mudah panas...kemudian kadang2 tidak ingin di gas,1
Kadang2 seperti ketekoran minyak..kadang2 hidupnya mudah kadang2 bandel...padahal baru ganti karet vakum...kira2 kenapa ya ,1
Motor mio sporty di stater nyala wktu di panasi kadang gasnya naik sendiri. Itu kenapa ya,1
cara atasi vario karbu bersuara ngorok bila digeber,1
ingin tanya walau penyebap dari buntunya motor apakah yah ,1
"ingin nanya  kira"" kerusakan apakah ya motor mio saya tidak bisa distarter dan di engkol itu keras dan motor tidak bisa menyala dan kira"" berapa ya biayanya,1
saya ingin tanya noken as revo diganti bearingnya tapi setelah dipasang bearingnya macet apakah masalahnya ya,0
bagaimanapun atasi motor injeksi mati aki kadang nyala bagus kadang redup pengecas dari spul tidak keluar api,0
mtor mio suara injeksi  mti terus gg ada pngapian itu yang rusak atw yang mati ia itu apakah saja ,1
saya punya motor vixion thun 2015 pom oli yang membasahi kepala silinder tu kadang naik kadang tidak apakah penyebab ia,1
Saya punya sepeda motor vega R 2005 cma memakai magnet vega new yang uda di bubut spul ia bawaan (standart ia) Kenap lampu jd mati,0
walau kabel spul mio soul yang keluar apinya warna apakah om,0
kenapa motor ninja saya ada bunyi kasar kalw lg lansam tapi kalaw tarik kopling hilang terus walau mw oper gigi susah kadang balik kadang keras,1
Kenapa wktu pnggunaan gigi satu dan dua walau ngegasnya stabil jalanya tidak lancar (Motor agak nahan jalanya/ tidak lari),1
Tp walau ngegasnya lngsung dibanyakin baru ada tenaganya/lari,1
motor vario saya tahun 2008. Kira2 ada yang konslet. Waktu kabel aki salah satu saya copot kok motornya mati ya,0
sepeda saya vixion th 2008 kenapa ya sering nyendat2 walau lagi di tarik tuas gas na ko mlah mati,1
tiba-tiba brenti susah di starter padahal bensin masih ada,1
susah idup biasanya,1
walau motor susah diidupin biasanya di stang gitu ya eh,1
kenapa lampu motor aku walau jarak deket Cuma satu yang idup tapi walau jarak jauh dua2nya bisa idup,0
menanyakan tentang opini penjelasan bagian mesin,1
biasanya ada di bagian battery accu,0
aki soak,0
mungkin menanyakan bagaimana atau apakah yang harus diperbaiki saat mesin terjadi masalah,1
Lampu depan/belakang mati,0
Bagian mana dari mesin ini yang rusak,1
aki soak,0
Ini bagaimanapun caranya tiba2 mati,0
Mesinnya suka ngegeredek,1
Kenapa motor saya kok gitu,1
aki abis,0
Ban bocor  cuy,0
Elektronik error,0
Aki banjir,0
Mengapa mesin pada saat jalan berasa kasar,1
tidak bisa starter otomatis (harus di selah/kick starter),0
Permasalahan serta solusi ia,1
bagaimanapun cara benerinnya,1
Tidak ingin nyala mesinnya,1
Hal yang saya tanyakan bagian yang rusaknya dan penyebabnya dan apakah bisa diperbaiki,1
Aki soak, 0
Relay tidak menyala, 0
apakah ssaja cara alternatif yang dapat digunakan untuk mengatasi masalah mesin kendaraan pada situasi yang tidak memungkinkan adanya penanganan ahli bagaimana antisipasi dan mitigasi masalah tersebut ?,1
Tidak bisa du selah motor saya tidak ada starternya, 0
Lebih suka datang langsung ke bengkelnya sekalian di cek mesin,1 
Mesin otomatis scifi, 1
bagaimanapun cara benerin motor yang mati mesin, 1
Tidak bisa di starter harus di selah gituu, 0
bagaimanapun caranya menganggulangi kondisi mesin mati ditengah jalan, 1
mesin dingin, 1
Menjelaskan apakah yang sedang terjadi dan minta pendapat untuk solusi perbaikan mesin, 1
Mesin tiba-tiba mati, 1
Karburator dan busi, 1
Jenis kerusakan sepeda motor, 1
Rem motor kurang pakem, 0
bisa benerin rem motor tidak ? Hehe,0
ini kenapa dah ko bisa kaya gini mesinnya?, 1
Apa yaa kadang walau agak lama tidak diservice suka bunyi gitu trs bagian yang gasnya tuh gaenak , 1
Kenapa stank motor kerasa oleng padahal tidak bengkok ?,0
Ini kenapa ya mesinnya mati sendiri?, 1
apakah yang menjadi penyebab dari keluhan saya ketika bermasalah dalam mengendarai sepeda motor atau ketika teman saya mencoba motor saya, 1
Suara mesin menjadi sayah namun tidak tahu apakah penyebab masalah tersebut terjadi dan tidak tahu apakah masalah tersebut akan menyebabkan muncul masalah lain yang lebih besar, 1 
komponen apakah ssaja yang sangat krusial dan bagaimana merawat komponen mesin bagi orang awam, 1
Susah di starter, 0
Ini kenapa ya lampunya kedap kedip?, 0
Bagaimana caranya untuk membetulkan busi ini ?, 1
bagaimanapun caranya bore up mesin motor, 1
tidak bisa starter harus diselah, 0 
bagaimanapun biar motornya sehat terus tanpa hrus service, 1
Ban bocor , 0
Suruh ke lokasi mesin mati total , 1
untuk mesin bagusan pertamax pertalite atau minyak jelantah ?, 1
mesin Over heat, 1
Hal yang akan saya tanyakan ialah apakah penyebab mesin mati dan bagai mana cara mengatasinya, 1
Gabisa di starter.. Mungkin masalah aki, 0
Biasanya tinggal ke bengkel mesin, 1
Nanya tips merawat mesin spy tidak rusak, 1
rem belakang kadang kadang kurang pakem, 0
Mesin tiba tiba mati sendiri, 1
Kenapa mesinnya bisa tiba tiba mati ?, 1
Bantuin dong motor gw mogok niih, 1
tiba tiba mati gabisa nyala, 1
Sekring rusak,0
Bagian dalam mesin, 1
lampu saya kenapa kedap kedip ya?, 0
aki ia soak gabisa di starter lampu kedap kedip benerinnya bagaimanapun ya, 0
Tidak bisa nyala tidak bisa di starter, 0
Ini kenapa ya mesinnya?, 1
Busi lemah, 0
Penyebab kenapa mesinnya mati biar tidak mogok di jln, 1
Mengapa mesin sepeda motor bisa mati secara tiba tiba ?, 1
Pengapian mesin kendaraan saya sepertinya bermasalah tarikan motornya kurang dan sering tersendat, 0
masalah mesin CVT apakah tiap kendaraan penanganannya sama?, 1
Kenapa motor aing jadi ngeden giniih ?, 1
Saat kecepatan motor diturunkan mesin mati bunyi seperti balon meletus dari knalpot, 1
lampunya mati Apanya yang salah ?, 0  
speedo meter mati indikator bensin juga apakah yang perlu diganti ?, 0
walau service di gerai resmi biasanya kan banyak daftar servisnya nah nanti pilih servis yang mana?, 0
Kelistrikan, 0
Sob tolong perbaiki kelistrikan di motor saya ?, 0
Karburator, 0
Mesin brebet atau mati sendiri,1
walau memajukan pengapian yang di potong di tonjolan magnet bagian mana belakang apakah depan, 1
yang ingin saya tanyakan waktu gas di putar seperti ada suara kemritik gitu walau di dengerin sih dari sebelah kanan ,1
apakah memang benar bunyi injectornya sprti itu?soalnya kedengeran kasar banget .motornya baru 8 bulan, 1
honda spacy fi saya olie gardannya suka netes sendiri setelah saya cek ke bengkel ternyata crankcase kirinya retak, 1
saya punya motor jika hidup di tempat bagus saja tp jika berjalan ada terasa tersendat seperti bensin mo habis padahal di tangki msh penuh dan ada bunyi seperti orang bersin dan di saat gas di tutup dan akan di tarik di awal itu lah seperti kosong dan setelah di tarik lagi dan kaget langsung melaju si Rubi ia nah apakah ya kira kira penyebab ia tolong bantuan ia.trimksh, 1
Misi om ingin nanya walau motor gua di gas setengah berebet itu masalah ia dari mana?,1
tolong petunjuk bro motor biet injeksi 2013 gas ia kadang besar kadang kecil sendiri Dan jugs nembak dari leher udara apakah maaala ia bro, 1
Bagaimana cara mengurus motor walau nalpot berasap, 1
tiap kali rem depan mendadak bunyi jedag-jedug begitupun ketika melibas lubang atau jalan yang kasar dengan kecepatan tinggi shock depan diganti pakai punya tiger, 0 
tiap kali cornering ban belakang terasa goyang semacam ngesot terkadang dangdutan saat cornering, 0 
motor suka miring ke kanan, 0
lampu sen suka gamaunya walau tidak di gas. tolong bantuannya. terimakasih min., 0
misi min satria fu saya tidak ingin langsam ngidupin saja susah harus di kop. trs matian. pdahal klep uda di skur. apakah karbunya ya,1
ingin tanya walau motor tidak bisa di gas..kira2 apakah ia..walau di lucur hidup tapi tidak bisa di gas, 1
maaf min walau motor metik di stater ia  bisa padahal aki ia baru..?, 0
Punya saya walau dihidupkan aman aman ssaja begitu juga ingin jalan pasang gigi 1 dan 2 aman aman juga nah tapi walau pasang gigi 3 dan 4 di atas 40 km/h kok kaya ada suara bunyi yang tidak enak di dengar pada mesin kayak air mendidih ada petunjuk ?, 1
ingin tanya Motor vario 150 lampu indikator kedap kedip 52X apakah kerusakan ia,0
Misi  . ingin tanya walau mtr beat injeksi cbs saat di gas tarikan awal brebet dan knalpot nembak gitu apakah yah  penyebabnya?, 1
misi min ingin tanya motor vixion saya kalauk jalan pelan auara kasar dan tidak langsam. trs kalauk posisi koplng di tarik suara reda. bunyi kalauk2, 1
apakah sebab ia oli mesin bisa naik dan membanjiri filter udara. pdhal tenaga mtornya msh ok seperti biasa busi msh normal & no asap.?, 1
Min tolong maaf saya ingin tanya motor mio saya pada kecepatan ingin ke 40-60 selalu mati  walau kecepatan 20-30 berjalan normal(tidak mati) apakah ya min masalah ia, 1 
Motor saya kan Honda Supra x 125 . Nah Knp ya motor saya tuh walau di bawa jauh atau mesin ia panas .. suka ada bunyi Tek..Tek..Tek. ia , 1
saya ingin tanya walau velg bekas xeon 125 apakah bisa di pakai di vario, 0
supra125 saya knp ya sdh masuk gigi 1234 tp msh ngelos .. alias netral ? yang rusak apakah ia ya , 1
Soket sudah di kencangkan sayah ia kondisi dipakai ngisi max sekitar 14.2v tapi kok tidak tahan lama saat mesin dimatikan kontak tetap on lampu depan nyala tidak lama indikator aki merah nyalah,0
saya ingin tanya motor ku mio gt 2014 saat distater tangan tidak hidup saat rem(rem muka atau blkang) diramas tanpa tekan tombol stater motor hidup. begitu juga waktu jln  waktu rem diramas seperti lagi tekan tombol stater bunyinya. (Cattan :Awalnya lampu otomatis tapi sudah dibongkar pasang pake kontak on off),0
saya ingin nanya motor saya honda revi fit injek waktu nyalain normal walau sudah satu putaran ada gas ada bunyi tek tek itu apanya ya,1
Soket sudah saya kencangkan semua tapi masih tetap drop aki ia walaupun habis dipakai,0
Permisi Numpang Tnnya .. Motor  Smash .. walau ingin Ganti Seher Gede .. Ganti Seher Thunder 125 .. yang Lain ia Standar JeboL tidak Tu  ? walau Seher Gede yang Lain Standart ?,1
Bro harga as kruk beat fi kisaran harga berapa, 1
saya ingin tnya kok air radiator vario 110 sering walaupun kadang2 sering bocor itu kenapa ya ?,1
saya ingin tanya walau motor satria fu saya susah hidup itu kendalanya ap y. tolong ulasan ,1
bisa bantu motor jika di hidupkan indikator di avometer menujukan ngisi begitu juga saat di bawa jalan naik menujukan ngisi namun saat mesin dimatikan posisi kontak tetap on tidak lama indikator aki langsung nyalah angka di avimeter langsung drop padahal aki baru sebulan,0
Masalah dimananya ya apakah di spull?,0
saya ingin tanya beat esp 2018 saya kan masih 2 bulan tapi wktu di gas kok brisik ya bunyi krikkk gitu?tapi bukan pada cvtnya sperti dari mesinnya tapi walau ketika gas tidak ditarik bunyi itu tidak ada?kira2 apanya ya ??solusinya bagaimanapun?di tunggu jawabannya,1
slamat siang slam one heart ingin tanya  saya punya honda matic vario 125 esp baru kehabis oli mesin karna penutup oli mesinnya terbuka setelah habis ganti oli bgmn penanganannya  tolong pencerahannya,1
Maaf  saya ingin tanya soal mesin motor honda beat FI,1
saya ingin tnya walau habis ganti ring n klep terus di hdupin hdup tp di gas bsar atau fol kok tidak ingin ya ?terus kLuar api di karburator,1
Mz saya ingin nanya motor mx new saya kn ngasep saya bawa ke bengkel sudah di ganti ring tpy ko suara  klmitik itu apakah  walau di ganti piston  bunyi  bisa ilang  ya, 1
Om saya mw tanya.. Kelep satria f.. Sim siman tu apakah ya.. walau mw di bikin standrt lagi.. apakah yang harus di beli,1
Misi om numpang tanya  walau sok Depan satria fu wat motor semes bisa tidak  tolong jwabannya ...brng x ada yang tau solusinya,0
saya ingin tanya kemren saya ganti kampas ganda pada motor matic honda beat saya karena tenaga ia kurang,1
tapi setelah saya ganti kampas dengan yang baru knpa tarikan awal masih melemah.. Tolong di jawab,1
saya ingin tanya Motor saya jupiter Burhan  tiba2 mati  setelah saya coba otak atik  ahirnya motor saya bsa hidup lg tapi gron koil tidak boleh di pasang jadi cuman 1 soket saja yang terpasang,0 
saya ingin tanya biasanya walau dealer tuh bisa tidak ya masang lampu hazard dan biayanya kn brapa ya, 0
Saya ingin nanya boz motor saya vga R tapi olinya kok keluar dari selang yang ada di bawah mesin hingga olinya abis ya walau sedikit sih tidak masalah ini sampe abis lo bila motor di hidupin, 1
Motor saya all new beat fi cbs iss 2015  pagi saya pakai beli bubur nyala  ketika abis antri beli bubur ingin pulang malah tidak bisa nyala  distarter tidak kuat  di kick stater juga sama  saya coba terus akhirnya nyala . baru saja 10 meter mati lagi di stater tidak kuat  di kick stater juga sama  tp terus saya coba kick stater nyala  dan sama baru juga 10 meteran sudah mati lagi dan akhirnya tidak bisa nyala lagi padahal lampu sein kiri kanan dan klakson normal,1
tuan tuan pengen tanya  utk kerusakan new soul gt bunyi tek tek solusinya apakah ya pdhal sudah ganti block, 1
motor saya supra x 125 .keluaran tahun 2006 ..ketika motor saya melewati jarak 7km.an knalpot motor saya keluar asap putih .dan suaranya pun kayak ada bunyi..tik tik tik ...tolong solusinya..ya!!terimakassih, 1
saya baru beli motor n max abs baru satu bulan pakai cek punya cek saya lihat ada keretakan pada penutup v belt pada bagian ban belakang tdk mengeluarkan oli normal kah seperti itu semua motor n max?, 1
Motor saya matic xeon karbu tahun 2011 kemarin tiba"" mati tidak bisa di starter kata ia aki ia tekor jadi mesti ganti aki.. tapi selang sebulan setelah ganti aki motor kembali lagi tidak bisa di starter kira"" apakah ia ya yang bermasalah??, 0
motor saya kan beat karbu 130cc harian ko tiba tiba ada penyakit sayah motor saya sering timbul penyakit narik2 kaya yang karbu ia kurang udara masuk sudah saya cek pake karbu lain terus koil ia di coba di ganti cdi ia juga sudah di coba ganti tapi tetep saja penyakit narik narik ia engga hilang walau lagi jalan tidak ilang ilang, 0
Motor saya cb150r tiba"" mati terus lampu utama kedap kedip. Habis di off kontak nyalaian normal lag setelah itu mati lagi lampu kedap kedip lagi dan di nyalakan mulai susah, 0
Motor saya tu amun di kontak normal saja panilxa tapi di koil tidak kluar api. bagaimanapun ya ? Trimakasih, 0
saya ingin tanya..karbu saya bocor dari saluran pembuangan...saya sudah ganti pelampung dan ventilator...tapi tetep bocor...kira2 apakah ya?motor saya supra fit 2005 pakek karbu astrea grand, 1
ingin tanya admin tadi kan motor saya sudah di cek semua dari fulm pamp hingga ke komponen injektor ia tapi masih brebet apabila di gas pelan itu kenapa yah, 1 
motor saya honda beat fi.jln putarn rpm 40 kebawah brebet dan sendat2.klu gas di tarik tinggi jln lancar gaa pol tambah lancar .begitu direm rpm 40 kebawah brebet lgi,1
Motor saya supra tidak keluar listrik sama sekali akan tetapi bila spull koil cdi saya pindahkan ke motor supra yang lainnya motor bisa nyala, 0
Terus saya kembalikan lagi spull koil dan cdi.ia ke motor saya sendiri listrik.ia tidak ada lagi,0
Bagaimana caranya mengatasi motor yang selalu mati apabila lampu wesernya dihidupkan, 0
Motor saya yang cb150r injeksi habis saya bersihin tangki ia malah tidak ingin hidup cek pengapian normal lampu indikator/MIL juga tidak bermasalah minyak nyembur, 1
Knp ya motor cb150r saya tiba"" mogok dijalan terus lampu injektorx menyala kedipan 12 lalu saya coba nyalakan tidak ingin nyala harus matikan kontak terus nyalakan kembali. Semua sudah di ganti tapi tetap ssaja, 1
supra x saya ko walau agak lama tidak di hidupin.. sekali di hidupin jd mbrebet ya..? , 1
apakah ad pengaruh ia ma saya kmaren ganti kampas kopling, 1
saya mw tanya gmana ya caranya memperbaiki jeglengan sepedah mio yang rusak/los y cz ni staternya juga tidak bisa jd ni tidak bisa nyala sepedahnya, 1
permisi saya ingin tanya motor saya gl pro.kenapa tak ingin nyala padahal karbulator normal percakan api busi ada konfresi ada tapi saat di selah/stater ringan,1
kenapa stang motor saya berat sebelah?,0
Motor saya blade injeci mogok hilang api kira2 apaxa yabos trimalasih, 1
mlm  saya ingin nanyak nich saya punya motor mio ketika saya lg manasin mesin motor kok rodanya laju terus n apakah penyebabnya , 1
kenapa ya motor saya walau ketika netral sering msuk gigi sendiri, 1
motor n max saya ada keretakan pada blok luar v belt bagian luarnya pada ban belakang normal kah seperti itu?, 1
saya pny motor supea 125. awalnya mogok...mendadak, 1
kenapa rem depan motor saya ngempos?,0
setelah di selah hidup lg tapi tes sendat2 kaya krbu  bermasal / pngpian ia yng bermasalh, 1
setelah di servis. di antara krbu pngpiain seherr ring juga sepul sidiae busi klep sudah tukar tuker onderdil lain yng tidak bermasal artiny sehat tapi belum jug ketemu solusinya masih nyendat aslias mbrebet, 1
untuk pemasangan kruk as sama pompa oli tidak ada setingan khusus kan cuma pasang sEperti semula ssaja, 1
motor beat injeksi bagian kipasnya jika terkena air hujan langsung mati knp ya?, 1
Motor zeon saya lampu gambar injeksiny nyala terus Dan tidak bisa lamsam sering mati2 mlulu kl berhenti, 1
ingin tanya motor Vario saya dispedo meter.digambar F menyala merah knpa y.mhn pencerahan saya, 1
walau mio j tidak ada api total injeksi control tidak nyala, 1
mesinnya mudah panas kemudian kadang2 tidak ingin di gas, 1
Kadang2 seperti ketekoran minyak..kadang2 hidupnya mudah kadang2 bandel...padahal baru ganti karet vakum...kira2 kenapa ya , 1
Motor mio sporty di stater nyala wktu di panasi kadang gasnya naik sendiri. Itu kenapa ya, 1
apakah penyebab rem belakang motor matic bunyi?,0
ingin nanya  kira"" kerusakan apakah ya motor mio saya tidak bisa distarter dan di engkol itu keras dan motor tidak bisa menyala,1
kenapa stang motor saya suka oleng?,0
saya ingin tanya noken as revo diganti bearingnya tapi setelah dipasang bearingnya macet apakah masalahnya ya?, 1
bagaimanapun atasi motor injeksi mati aki kadang nyala bagus kadand redup pengecas dari spul tidak keluar api, 0
motor mio suara injeksinya mati terus tidak ada pengapian itu yang rusak atw yang mati ia itu apakah saja , 1
pom oli yang membasahi kepala silinder itu kadang naik kadang tidak apakah penyebab ia, 1
cuma memakai magnet vega new yang sudah di bubut sepul ia bawaan Kenapa lampu jd mati ya , 0
Om cara mengatasi injeksi tidak mendengung / mati, 1
walau kabel sepul mio soul yang keluar apinya warna apakah om, 1
kenapa rem depan saya seret?,0
kenapa motor ninja saya ada bunyi kasar walau tarik kopling hilang walau ingin oper gigi susah kadang balik kadang keras, 1
Kenapa wktu pnggunaan gigi satu dan dua walau ngegasnya stabil jalanya tidak lancar, 1
Tp walau ngegasnya langsung dibanyakin baru ada tenaganya, 1
Kira2 ada yang konslet. Waktu kabel aki salah satu saya copot kok motornya mati ya, 0
kenapa ya sering nyendat2 walau lagi di tarik tuas gas ia kok malah mati?, 1
tiba-tiba brenti susah di starter padahal bensin masih ada, 0
ada bunyi berasal dri injector, 1
Bg saya ada motor mio m3 ingin untuk 130 klau cuman ganti injektor sama yang recing apakah bisa bg tapi tidak ganti juken bg, 1
Assalamualaikum ingin tanya walau rasio gearbox revo fit cocok ia sama rasio punya apakah?apakah bener sama suprax125/kharisma sama?, 1
Mo nanya saya punya motor honda blade karbu..permasalahnya walau di starter mesin tidak nyala tapi dinamo ia muter ..walau di engkol nyala tp harus kuat engkolnya..padahal aki bagus..kira2 apakah ia ya..mksh Mudah mudahan yang jawab ilmunya berkah , 1
Pernah kering oli terus gua ganti setelah ganti ngeluarin asap setelah motor panas sudah tidak ada asap ia lagi Dan ada bunyi tek tek ia itu, 1
saya ingin nanya walau motor saya honda beat karbu ketika langsamnyA normal seperti biasa tpi ketika di gas malah mati jdi terpaksa saya tarik gas perlahan2 dlu dan kadang2 normal kadang2 brebet waktu di gas bahkan saya tarik gas full tidak bisa jlan alias brebet, 1
Mesin motor vega r new walau untuk jalan agak kenceng bunyi kluk"" kadang"" tapi posisi mesin nyala netral  bunyi apanya ya? tolong pencerahannya, 1
Knp ya motor shogun aku berat bngt walau di dorongnya mesin kala mati, 1
kampas rem lengket, 0
kenapa stang motor bunyi?,0
kenapa motor saya di gas pol lagi jalan seperti ingin habis bensin padahal bensin ada, 1
saya kan punya motor gl ya nah kemarin suara ia ngeretek terus saya ganti platuk ia di bengkel , 1
saya ganti noken as bongkar sendiri. Tapi ketika saya pasang lagi mesin ia tidak nyala, 1
kenapa rem depan motor blong?,0
Motor beat new saya sering mati sndri walau lagi jalan dan walau lepas gas itu mati harus di stater ulang itu kenpa ya, 1
saya ingin tanya motor karisma saya noken as ia sudah bubutan suara ia ngeletrek walau di ganti noken as ia kira kira ngeletrek lagi tidak ?,1
motor saya vega new sudah ubah ke kopling manual tadi ketika untuk jalan tiba"" mesin  ada tenaga  terus ada bunyi kletek"" bagian mesin apanya ya? , 1
Tapi masih bisa untuk jalan bunyi kletek"" terus tolong bantuanya kira"" aman  untuk laju 30km dan biaya perbaiakn berapa?, 1 
walau jupiter mx135 2012 jika tipe sensor tpsnya beda apakah bermasalah, 1
kenapa stang motor saya goyang saat jalan?,0
kenapa velg belakang motor matic bisa panas?,0
kenapa velg jari jari tidak bisa pakai ban tubeless?,0
apakah penyebab rem belakang motor macet?,0
Saya punya mio sporty.. pake karbu pe28.. ketika tarikan gas tengah suka tersendat ky telat bengsin solusi ia mas2 agan2 barang x ada yang tau, 1
motor saya mio 2011.walau habis di pakai sekitar 1km saja kok bau bensin ya.kenapa ya, 1
motor saya beat new  tapi walau dibawa pelan ada suara ngerincing  walau dibawa cepet tidak ada..Dari turun dari deler sudah gitu.Diservis sudah tapi tetep saja..Kira kira apanya yang harus dibenerin?, 1
tolong pencerahannya suhu distarter ko tidak nyala, 1
maaf ingin tanya.motor saya mio.kenapa ya walau mesin dalam kondisi hidup dan tidak di gas.suaranya halus.tp walau di gas kok ada suara klitik klitik,1
ingin tanya motor vario 125 ngeden kaya telat bensin kira2 solusinya apakah ya, 1
Motor saya beat new walau dipakai pelan suka ada bunyi getar/krincing sudah diservis berkali kali tapi tetep ada kira kira itu masalahnya dari apakah, 1
ingin tanya tromol depan ruji Fino 110 bisa masuk di motor Fino 125 tidak ? Atau tidak cocok ?, 0
mtor saya beat new 2017. Kenapa ya mtor saya langsam ia tiba2 rendah trs mati.ketika di starter kya aki ia soak.tpi di kick starter bisa. Itu kendala ia ketika ujan saja walau keadaan tidak ujan mh normal, 0
ingin tanya motor vario 125 sudah di servis dan di ganti semua kecuali rumah kopling dan kanvas ia masih kerasa seperti abis bensin terus ke bengkel umum katanya rumah koplingnya masih bagus jdi di ganti kanvas sama per ia tpi masih kerasa kira2 penyebabnya apakah ya, 1
ingin nanya motor saya vixen 2012 klu dibawa jln jarak dekat agak santai mesinnya cepat pnas dan kipasnya jg cpat hdup, 1
Tp klu jln jrak jauh 100 kiloan kipasnya blm hidup klu sudah lbih dari 100 km kipasnya bru hdup. Knp tu  ada masalah atu normal?, 1
ingin tanya lur. Motor Jupiter z abis di kopling tangan kok bunyi kalautok2. Tapi walau kopling di tekan hilang bunyinya, 1
Minta solusinya suhu ada bunyi kalauk waktu matiin mesin apanya ya ?, 1
Ni kalauk injeksi ia keluar bunyi nyaring  itu gara2 ap bg Trus yang harus di perbaiki apnya, 1
saya punya motor beat injek bensinnya ko boros yah. Tarikannya berat, 1
ingin nanya ini oli merembes lewat baut samping (motor legenda). Ada yang jual tidak baut ini di mana?, 1
montor saya karisma pd saat stasioner bunyi klek klek..tpi begitu gigi perseneleng tak masukin suara klek2 hilang..apanya ya ..tolong penjelasannya.mkasih, 1
spatu klep bagus ..kampas ganda juga sudah ganti baru loncengnya juga baru., 1
bunyinya di bagian bak kopling ..walau gigi di masukan.suara halus..klek2nya hilang, 1
walau di gas suara juga halus gigi di masukin juga halus...bunyi klek2 ketika gas stasioner saja, 1
bunyinya di bagian bak kopling to ..walau utk di bagian klep noken as pelatuk atau temlar smuanya bagus msih ori, 1
ciri ciri cdi ingin rusak itu kayak bagaimanapun ya?, 1
Standar Dua metik Xride sama tidak ya dengan yang punya mio/mio j/M3 atau metik yang mana yang ketika untuk stndar 2 Xride, 0
Motor susah di stater tpi kelistrikan jalan seperti lampu klakson, 0
motor mio sporty saya setangnya bergetar penyebabnya apakah ya?, 0
saya ingin tanya motorku mio j 2012 klau untuk jalan 40 km kok bagian kanan kok suaranya kemricik/kemeter gtu ya dah 4 bulanan ini, 1
ingin tanya lur motor saya shogun 110 walau ketika jalan nanjak motor tidak kuat/loyo..kira2 sebabnya apakah ya?? Mksih, 1
Saya punya motor jadul YAMAHA RZR135cc. Tapi body semua hancur. Klu untuk pemesanan itu dimana y, 0
kenapa motor mio sporty saya suara mesinnya ngericik, 1
Montor scupy injeksi brebet...habis dijemper pakai kabell sembuhh cuman 2 hari kumat lagi... apanya ya para suhu., 1
kenapa mio sporty saya walau mesinnya dihidupkan bergetar, 1
kenapa motor mio karbu saya abis dicuci terus dihidupin mesin ia suara klakson ia bunyi sendiri kaga bisa dimatiin, 0
motor saya vega... tapi kenpa ketika berhenti trs dimasukin gigi ketika gigi ia di lepas dia langsung mati .. kaya motr kopling, 1
mio sporty saya suara mesinnya ngeretek ngericik itu kenapa ya?, 1
mesin gl mex.susah hidup.bukan susah x lgi tpi tidak ingin hidup.pengpian ada tpi tidak ia ingin hidup., 1
ingin tanya smes 110cc starter kakinya kurang tenaga sangat lemah kaya kurang komrensi tpi cepat ji mesin nyala klau boleh tau kendalanya apakah yah, 1
ingin nanya walau mio saya ketika turun gas bunyi kasar di bagian kipas itu kenapa ya minta solusi om apakah kipasnya yang harus di ganti kali ada yang pernah benerin dan apah penyakitnya, 1
ingin nanya  supra fi walau ingin ganti karbu apakah saja yang perlu disesuaikan, 1
mtr mio saya sdkit brmslh ngegas agak keras walau jalan turun suka nembak dari apakah ia y ?, 1
kmpas rem kmpas kopling sudh di ganti mlh kipas2  jg di ganti sayahnya penyakitnya tidak smbuh2 mlh tmbah parah apakah mesin ia ka?, 1
Saya pnya motor mio karbu PE 28 tpi ketika turun gas peletak peletuk suara ia apakah ia yahh, 1
Karbu saya king tapi knpa saat mtr dihidupkan gas tidak bisa kecil pdahal kuningan ia sudah nutup mulut karbu, 1
motor tidak bisa di stater tapi kondisi aki normal..tapi walau di kick stater bisa, 0
itu kendala ia apakah ya  tolong info ia mesin motor supra x 125 fi 2015, 1
bisa tidak sok depan c70 diganti dengan sok depan honda bebek biasa, 0
Velg TAKASAGO EXCEL ASIA sama RCB bagusan mana ya..?, 0
ingin nanya walau mio saya pengapian ada tapi kok tidak ingin hidup ya itu kenapa ya, 1
walau dibawa dijalan datar baik baik ssaja tpi dibawa nanjak kok ngasap, 1
ingin tanya walau vixion 2012 sering panas mesin ia meskipun jarak deket terus pendingin kipas ia tidak berputer, 1
maaf ingin tanya vario 2010 suara ia berisik kira2 penyebabnya apakah ya dan solusinya biar suara vario techno hening dan bengsin juga jadi ikut boros, 1
Motor saya mio j keluhan ia cvt panas stelah di pake jarak sekitar 4 km an itu normal kaga yah?, 1
Fu standard misal ingin ganti pe lebih ketika yang 26 ato 28, 0
kenapa lampu indikator aki nyala terus?,0
cek harga kampas kopling dimana ya?, 1
kira"" kenapa ya motor saya mio j teen walau tarikan mesin pertama sama tanjakan tidak ada tenaganya, 1
tanjakan walau boncengan mesin ngeden tidak ingin narik, 1
ingin tanya walau karbu mio sporty sudah error masih bisa dibenerin tidak?, 1
kenapa lampu spedometer saya mati?,0
Motor saya Supra x 125 fi THN 2008 ..tidak bisa distarter sudah saya bawa ke bengkel sana sini ...ada yang bilang fullpump ada yang bilang ECM, 1
kenapa ban motor sering kurang angin?,0
kenapa ban motor bisa botak sebelah?,0
apakah penyebab ban motor benjol?,0
apakah penyebab aki motor tidak mengisi?,0
motor saya mio sporty walau pake knalpot asli bobokan suaranya berebet sama nembak itu kenapa ya?, 1
Motor aku walau mesin ia masih dingin suara platuk ia adem ..tapi walau sudah panas suara platuk ia mulai berisik, 1
walau motor kondisi hidup klakson kecil/pelan di tekan tombol start motor jadi ngadat kaya mah mati,0
kenapa aki motor bisa kering dan panas?,0
kenapa stang motor saya bergetar?,0
Motor saya karisma tiba2 lampu di papan monitor(tanda sen lamp netral lampu persenel 1234 spedometer) mati semua.termasuk juga starter dan klakson, 0
motor saya shogun pada mesin kayak bunyi kalauk..kalauk seperti ada yang oblak padahal baru saja ganti seher kira2 apanya ya?, 1
motor saya jupiter walau mesinnya adem susah nyalain ia dan gas ia brebet saat saya panasin kyak ada suara kleck kleck. Minta solusi itu kenapa ya ?, 1
motor saya honda cs one. karna sudah ribut stelan tensionernya di las dibikin manual. skrang stelannya sudah habis dan sudah ribut 1 minggu kmudian motor mati total. dengan tanda tanda 1 minggu sblum motor mati total saat mw nyalain pagi pagi susah hidup mati terus tapi walau mesin sudah panas aman. kemudian stater kaki jadi keras tidak bissa distater. kira kira ap yang harus diganti?, 1
bagai mana cara menyiasati agar motor saya mempunyai tenaga diatas rata2 maklum lokasinya extrim, 1
ingin tanya suhu kenapa ya motor ku suka mati2 padahal sudah di servis karbu sdh di ganti dgn yang baru tpi msh mati2 bagi ilmu ia suhu, 1
aki tekor?,0
kenapa stang motor beat goyang saat jalan?,0
tolong pencerahan dari agan2 yang tau tentang pemasangn ring seher baiknya posisi ring yang akn kita pasang itu seprti ap?, 1
Motor saya mio baru ganti seher ke 54 ko skrang malah sering ceket (ngejim) ketika sudah aga panas. walau dingin normal lagi., 1
tolong pencerahanya  motor cb saya walau di gas pelan ngempos ngbregejed tapi walau di gas kencang tidak apakah apakah..knpa ya , 1
saya ingin nanya jarak dari rumah saya ke sekolah 5.4 Km walau PP jadi 10.8 Km saya beli bensin pertalite 15 RB 1.96 Liter cuman 3 hari sudah abis kira kira boros apakah enga suhu?, 1
motor CB150R lampu kilometer ia tidak ingin nyala itu kenapa yah, 0
Keluhan motor saya sudah lama tidak hidup..baru2 ini saya perbaiki..setelah saya cek2 semua bgus tapi..tidak bisa hidup..dan koferesi x juga melemah saat di setater, 1
masalahnya motor saya ketika dipakai jarak jauh pasti banyak keluar oli dari box filter udara, 1
kok aki motor saya tidak bisa dicas?,0
kenapa stang motor beat saya jadi keras?,0
kenapa motor aq tidak bisa jalan cepat padahal motor aq 125cc masa dikalah sama motor 110cc larinya padahal 110cc itu masih standar n motor aq juga standar walau boleh tau bwt nambah kecepatanya caranya bagaimana tanpa pakai alat racing, 1
Kenapa ya walau tanpa saringan filter karbu tenaga ada tapi walau pake saringan tenaga ia tidak ada digas sedat sedat, 1
motor mx old ku yang suara ia kemelitik didalam bok mesin kata nyasi setang seher pengen bokar cara buka baud magnet sama magnet ia pake apakah ya, 1
walau untuk jln pelan2 brebet2 tp kl cepat tidak, 1
posisi berhenti mesin hidup ada suara tek2, 1
jaln kenceng kdang suka kdengeran kalautok2, 1
tarekan awal melemah biar 1sampai4 begitu semua awal naik gasnya tinggi gasnya baru ingin jalan kaya membawah beban berat padahal uda ganti klep terus uda gosok tidak ada yang bocor, 1
Kampas koplengnya baru  n gejalanya motor ku  walau di kasi masu gigi 1 baru di gas kaya berat sekali jalan seperti ada yang tarik, 1
ingin tanya motor ku supra x 125cc tarikan awalnya lema kaya memikul bebang berat biar gigi 1sampai gigi 4 tarekan awalnya lema padahal uda ganti klep uda di gosok tidak ada bocor komperensi kuat pengapian normal uda di proses 175 apakah sih kendalanya, 1
ingin nanya walau motor bebek (ac) di bagian magnetik banjir oli sampai spull jd ikut basah pengaruh tidak motor jadi susah hidup, 0
"ingin tanya motor saya honda Spacy fi injeksi ingin tanya kok walau pagi"" di panasin keluar asep dari kenalpot ya, 1
walau di pake di gas sampe 40 ke atas kaya getar sama cvt ia bunyii terrr gitu itu kenapa ya, 1
motor vixson 2018 yang 5 speed saya brisikkk ke bunyi getar tapi suara ia bising kyak bunyi kaleng kenapah yah, 1
walau lampu tembak beat pop saya 2 hari mati ganti 2 hari mati lagi itu kenapa yah?, 0
Motor aku crypton uda pake sher gede tpi payung klep aku stndart boleh tidak ya pake noken racing, 1
kenapa stang motor saya jadi berat?,0
ingin tanya itu shock GL pakai angin yah?, 0
walau motor mio tarikan berat ditanjakan tidak kuat gas mentok sekitar 40km itu karena apakah ya?, 1
motor saya walau di engkol malah nendang balik keras itu masalhnya konpresi padet?, 1
ada suara tek tek tek bagian mesin kira kira kenapa ya, 1
lampu mtor kadang nyala kadang mati semuanya, 0
ingin tanya walau motor mio karbu ditarik kenceng gasnya malah ngempos tidak ada tenaganya sama tanjakan dikit juga malah mati. kira kira kenapa ya?, 1
kenapa lampu indikator abs saya menyala?,0
ingin tanya kenapa ya motor saya walau dah panas tenaganya tekor, 1
soket kiprok meleleh setelah saya ganti dengan yang baru (soket biasa) jika mesin dinyalakan belum ada 5 menit kabel tersebut panas banget terutama warna kuning dan hijau (kabel orinya), 0 
motor saya mio j injec 2012 keluhan ia lampu injec kedap kedip seperti di fideo dan tidak bisa di stater itu apakah ia kang ya padahal aki sudah boleh ngecas, 0
Numpang tanya om kenapa ya motor q vario 125 walau kena air bisa mati mati ya apakah penyebab ia ya, 1
kenapa ya king ku setiap tarikan awal ketika lepas kopling seperti ingin mati jd mintanya stengah kopling baru ingin jln dn walau dalam keadaan laju setiap ingin tanjakan selalu hilang tenaga jd minta oper gigi kecil, 1
motor saya metic soul gt spek 54 ketika pake noken as paprasan ko malah suara knalpot nembak awalan jadi lemot dan berat ya?, 1
lubang pen pada seher/piston apakah bisa di bubut lebih gede dikit soalnya lubang pen pada stang seher dengan pen seher oblak, 1
ingin tanya fu walau dingin di engkol atau di stater tangan bunyi trak sangat keras apah penyebab ia, 1
bagaimana cara menghindari rem blong?,0
kenapa rem belakang motor saya sering berbunyi?,0
apakah penyebab rem tromol bunyi?,0
bagaimana cara merawat aki motor dengan baik?,0
kenapa klakson saya suaranya kecil?,0
kenapa motor tahun lama dashboardnya bunyi seperti goyang?,0
bagaimana cara merawat sepeda motor?,0
kenapa lampu utama motor saya redup?,0
kenapa lampu sepeda motor sering mati?,0
kenapa lampu sein tidak berkedip?,0
bagaimana cara agar lampu utama motor saya menjadi lebih terang?,0
kenapa lampu motor saat siang harus dinyalakan?,0
kenapa ban motor retak?,0
kenapa ban motor tidak rata?,0
kenapa ban motor bergelombang?,0
kenapa ban motor saya selalu kempes?,0
kenapa ban motor saya yang depan goyang?,0
kenapa ban motor bisa licin?,0
kiprok satria FU apakah sama dengan kiprok shogun , 1
ingin tanya walau ingin masang batok fu di motor supra gimananya ?, 1
Motor saya mio 2008 mesin rubihan pake seher neotek . Tapi sayah ia susah tuk nyalanya, 1
walau suzuki hayate saya pake cdi satria fu.. Benar kah bisa nambah tenaga, 1
Harga service gigi pada motor supra fit brapa ya.. Soalnya kadang-kadang ketika ingin pindah ke gigi 2 terasa keras dan kadang tidak ingin pindah sama sekali, 1
"walau mesin panas koq susah hidup it ap x ea ms.. Trus kalauk bsa sambil brebet"" sma kluar asap hitam, 1
kenapa ya motor rx king thn 95 saya walau mesin adem di rpm 7000 berebet tapi walau sudah panas tidak berebet, 1
saya pnya motor satria f walau lg jalan berasa oleng seperti ban kempes kira2 apakah'y om?, 0
rx king aq abis q gnti knalpot udang.tarikanya kurang ( kurang los) itu setelanya gmna, 1
saya punya rx s walau di idupin kok langsung bleyer tanpa tarik gas itu yang rusak apanya yaa, 1
motor q smash walau di pake jauhh ada bau sangit dari mesin itu apnya , 1
Penyebab kenapa mesinnya mati biar tidak mogok di jln, 1
Mengapa mesin sepeda motor bisa mati secara tiba tiba ?, 1
Pengapian mesin kendaraan saya sepertinya bermasalah tarikan motornya kurang dan sering tersendat, 0
masalah mesin CVT apakah tiap kendaraan penanganannya sama?, 1
Kenapa motor aing jadi ngeden giniih ?, 1
Saat kecepatan motor diturunkan mesin mati bunyi seperti balon meletus dari knalpot, 1
lampunya mati Apanya yang salah ?, 0  
speedo meter mati indikator bensin juga apakah yang perlu diganti ?, 0
walau service di gerai resmi biasanya kan banyak daftar servisnya nah nanti pilih servis yang mana?, 0
Kelistrikan saya error lampunya jadi mati, 0
Sob tolong perbaiki kelistrikan di motor saya ?, 0
Bagaimana cara mengakalinya agar bisa hidup sementara waktu,1
walau memajukan pengapian yang di potong di tonjolan magnet bagian mana belakang apakah depan, 1
yang ingin saya tanyakan waktu gas di putar seperti ada suara kemritik gitu walau di dengerin sih dari sebelah kanan ,1
walau diparkir di rumah kenapa ban motor sering kempes?,0
apakah saja penyebab aki soak?, 0
ban motor saya seperti retak. apakah penyebabnya?,0
kenapa lampu utama motor vario akan mati salah satu terlebih dahulu?,0
bagaimana cara memperbaiki kontak lampu jauh yang rusak?,0
apakah penyebab rangka motor matic patah?,0
walau footstep beli dimana ya?,0
cara memperbaiki spion bagaimanapun ya? punya saya tidak kencang,0
cuci motor yang bagus itu seberapa sering ya?,0
indikator bensin saya merah itu kenapa ya?,0
ban tubeless yang bagus itu merk apakah ya?,0
tiap kali rem depan mendadak bunya jedag-jedug. begitupun ketika melibas lubang atau jalan yang kasar dengan kecepatan tinggi,0
tiap kali cornering ban belakang terasa goyang. semacam ngesot. terkadang dangdutan saat cornering,0
motor suka miring ke kanan,0
lampu sen suka gamaunya walau tidak di gas. tolong bantuannya. terimakasih min,0
walau untuk motor matic rasio ban yang bagus bagaimanapun ya?,0
decal motor vario kena berapa ya ?,0
cat motor yang bagus itu dimana ya?,0
cara restorasi warna dashboard motor yang mulai pudar bagaimanapun ya?,0
motor habis kebanjiran injeksinya jadi rusak ,0
cara bersihin busi kotor bagaimanapun ya?,0
kenapa walau cangkalaungan busi dicabut motor tidak bisa nyala?,0
cari parfum untuk knalpot dimana ya?,0
spion yang bagus untuk R25 apakah ya ?,0
walau ingin pasang lampu hazard yang bagus dimana?,0
keuntungan dan kerugian pake velg jari jari itu apakah saja ya?,0
motong spakbor dimana ya kang?,0
saya ingin cat motor yang bagus merk apakah ya cat ia?,0
kampas rem untuk motor matic honda yang bagus apakah ya?,0
bedanya rem abs sama bukan apakah ya?,0
nyari stiker striping untuk satria dimana ya?,0
windshield untuk nmax harganya berapa ya?,0
fairing supra jadul ada yang jual tidak ya?,0
tangki bensin saya penyok memperbaikinya bisa di bengkel ketok magic tidak ya?,0
cara ninggiin shock motor bagaimanapun ya?,0
walau ingin masang underbone untuk vixion dimana ya ?,0
mudguard saya copot di tengah jalan,0
kenapa velg belakang motor matic bisa panas?,0
kenapa velg jari jari tidak bisa pakai ban tubeless?,0
apakah penyebab rem belakang motor macet?,0
apakah penyebab rem belakang motor matic bunyi?,0
kenapa rem depan motor lengket?,0
kenapa rem depan motor blong?,0
kenapa rem depan saya seret?,0
kenapa rem depan motor saya ngempos?,0
frame slider walau dipasang di matic ngaruh tidak ya?,0
cara ngilangin lecet di body motor bagaimanapun ya ?,0
angel eyes untuk R25 beli dimana ya?,0
pengen pasang knalpot racing di matic bagus tidak ya?,0
ingin touring   beli handguard dimana ya?,0
walau diparkir di rumah kenapa ban motor sering kempes?,0
apakah ssaja penyebab aki soak?, 0
ban motor saya seperti retak. apakah penyebabnya?,0
kenapa lampu utama motor vario akan mati salah satu terlebih dahulu?,0
bagaimana cara memperbaiki kontak lampu jauh yang rusak?,0
apakah penyebab rangka motor matic patah?,0
walau footstep beli dimana ya?,0
cara memperbaiki spion bagaimanapun ya? punya saya tidak kencang,0
cuci motor yang bagus itu seberapa sering ya?,0
indikator bensin saya merah itu kenapa ya?,0
ban tubeless yang bagus itu merk apakah ya?,0
tiap kali rem depan mendadak bunya jedag-jedug. begitupun ketika melibas lubang atau jalan yang kasar dengan kecepatan tinggi,0
tiap kali cornering ban belakang terasa goyang. semacam ngesot. terkadang dangdutan saat cornering,0
motor suka miring ke kanan,0
lampu sen suka gamaunya walau tidak di gas. tolong bantuannya. terimakasih min,0
walau untuk motor matic rasio ban yang bagus bagaimanapun ya?,0
decal motor vario kena berapa ya ?,0
cat motor yang bagus itu dimana ya?,0
cara restorasi warna dashboard motor yang mulai pudar bagaimanapun ya?,0
motor habis kebanjiran injeksinya jadi rusak ,0
cara bersihin busi kotor bagaimanapun ya?,0
kenapa walau cangkalaungan busi dicabut motor tidak bisa nyala?,0
cari parfum untuk knalpot dimana ya?,0
spion yang bagus untuk R25 apakah ya ?,0
walau ingin pasang lampu hazard yang bagus dimana?,0
keuntungan dan kerugian pake velg jari jari itu apakah saja ya?,0
motong spakbor dimana ya kang?,0
saya ingin cat motor yang bagus merk apakah ya cat ia?,0
kampas rem untuk motor matic honda yang bagus apakah ya?,0
bedanya rem abs sama bukan apakah ya?,0
nyari stiker striping untuk satria dimana ya?,0
windshield untuk nmax harganya berapa ya?,0
fairing supra jadul ada yang jual tidak ya?,0
tangki bensin saya penyok memperbaikinya bisa di bengkel ketok magic tidak ya?,0
cara ninggiin shock motor bagaimanapun ya?,0
walau ingin masang underbone untuk vixion dimana ya ?,0
mudguard saya copot di tengah jalan,0
kenapa stang motor saya suka oleng?,0
kenapa stang motor saya berat sebelah?,0
kenapa stang motor saya goyang saat jalan?,0
kenapa velg belakang motor matic bisa panas?,0
kenapa velg jari jari tidak bisa pakai ban tubeless?,0
apakah penyebab rem belakang motor macet?,0
apakah penyebab rem belakang motor matic bunyi?,0
kenapa rem depan motor lengket?,0
kenapa rem depan motor blong?,0
kenapa rem depan saya seret?,0
kenapa rem depan motor saya ngempos?,0
frame slider walau dipasang di matic ngaruh tidak ya?,0
cara ngilangin lecet di body motor bagaimanapun ya ?,0
angel eyes untuk R25 beli dimana ya?,0
pengen pasang knalpot racing di matic bagus tidak ya?,0
ingin touring   beli handguard dimana ya?,0
kenapa ban motor retak?,0
kenapa ban motor tidak rata?,0
kenapa ban motor bergelombang?,0
kenapa ban motor saya selalu kempes?,0
kenapa ban motor saya yang depan goyang?,0
kenapa ban motor bisa licin?,0